task,lang,variant,N,alpha,truth_var,truth_es,est_var,est_es,abs_err_var,abs_err_es
var_mc_acc,c,,1000000,0.990000,2.327408418917,2.658645223464,2.327408418917,2.658645223464,0.000000000000,0.000000000000
var_mc_acc,rust,,1000000,0.990000,2.327408418917,2.658645223463,2.327408418917,2.658645223463,0.000000000000,0.000000000000
var_mc_acc,go,,1000000,0.990000,2.327408418917,2.658645223464,2.327408418917,2.658645223464,0.000000000000,0.000000000000
var_mc_acc,tenge,,1000000,0.990000,2.327408418917,2.658645223464,2.327408418917,2.658645223464,0.000000000000,0.000000000000
